scenario_id,group,true_detection,true_pipe,true_position,pred_detection,pred_pipe,pred_position,det_prob_leak,det_correct,pipe_correct
scenario_00001,no-leak,0,-1,-1.0,0,,0.4872,0.0,True,
scenario_00002,no-leak,0,-1,-1.0,1,4.0,0.4866,1.0,False,
scenario_00003,no-leak,0,-1,-1.0,1,3.0,0.5515,1.0,False,
scenario_00004,no-leak,0,-1,-1.0,1,2.0,0.5024,1.0,False,
scenario_00005,no-leak,0,-1,-1.0,0,,0.4442,0.0,True,
scenario_00006,no-leak,0,-1,-1.0,1,1.0,0.4896,1.0,False,
scenario_00007,no-leak,0,-1,-1.0,0,,0.4387,0.0,True,
scenario_00008,no-leak,0,-1,-1.0,1,1.0,0.479,1.0,False,
scenario_00009,no-leak,0,-1,-1.0,0,,0.5314,0.0,True,
scenario_00010,no-leak,0,-1,-1.0,0,,0.4848,0.0,True,
scenario_00011,no-leak,0,-1,-1.0,0,,0.4536,0.0,True,
scenario_00012,no-leak,0,-1,-1.0,0,,0.5812,0.0,True,
scenario_00013,no-leak,0,-1,-1.0,0,,0.422,0.0,True,
scenario_00014,no-leak,0,-1,-1.0,0,,0.427,0.0,True,
scenario_00015,no-leak,0,-1,-1.0,0,,0.5447,0.0,True,
scenario_00016,no-leak,0,-1,-1.0,0,,0.4137,0.0,True,
scenario_00017,no-leak,0,-1,-1.0,0,,0.4523,0.0,True,
scenario_00018,no-leak,0,-1,-1.0,0,,0.4833,0.0,True,
scenario_00019,no-leak,0,-1,-1.0,0,,0.5436,0.0,True,
scenario_00020,no-leak,0,-1,-1.0,1,2.0,0.583,0.997,False,
scenario_00021,no-leak,0,-1,-1.0,0,,0.509,0.0,True,
scenario_00022,no-leak,0,-1,-1.0,0,,0.5607,0.0,True,
scenario_00023,no-leak,0,-1,-1.0,0,,0.5301,0.0,True,
scenario_00024,no-leak,0,-1,-1.0,0,,0.5223,0.0,True,
scenario_00025,no-leak,0,-1,-1.0,0,,0.4868,0.0,True,
scenario_00026,no-leak,0,-1,-1.0,0,,0.2026,0.0,True,
scenario_00027,no-leak,0,-1,-1.0,0,,0.4098,0.0,True,
scenario_00028,no-leak,0,-1,-1.0,0,,0.5423,0.0035,True,
scenario_00029,no-leak,0,-1,-1.0,0,,0.4883,0.0,True,
scenario_00030,no-leak,0,-1,-1.0,1,4.0,0.4675,1.0,False,
scenario_00031,no-leak,0,-1,-1.0,1,3.0,0.5516,1.0,False,
scenario_00032,no-leak,0,-1,-1.0,1,2.0,0.4881,1.0,False,
scenario_00033,no-leak,0,-1,-1.0,0,,0.4438,0.0,True,
scenario_00034,no-leak,0,-1,-1.0,1,1.0,0.5031,1.0,False,
scenario_00035,no-leak,0,-1,-1.0,0,,0.4382,0.0,True,
scenario_00036,no-leak,0,-1,-1.0,1,1.0,0.4938,1.0,False,
scenario_00037,no-leak,0,-1,-1.0,0,,0.5313,0.0,True,
scenario_00038,no-leak,0,-1,-1.0,0,,0.4666,0.0,True,
scenario_00039,no-leak,0,-1,-1.0,0,,0.4552,0.0,True,
scenario_00040,no-leak,0,-1,-1.0,0,,0.5832,0.0,True,
scenario_00041,no-leak,0,-1,-1.0,0,,0.4226,0.0,True,
scenario_00042,no-leak,0,-1,-1.0,0,,0.4404,0.0,True,
scenario_00043,no-leak,0,-1,-1.0,0,,0.5374,0.0,True,
scenario_00044,no-leak,0,-1,-1.0,0,,0.4199,0.0,True,
scenario_00045,no-leak,0,-1,-1.0,0,,0.4422,0.0,True,
scenario_00046,no-leak,0,-1,-1.0,0,,0.4633,0.0,True,
scenario_00047,no-leak,0,-1,-1.0,0,,0.5493,0.0,True,
scenario_00048,no-leak,0,-1,-1.0,1,4.0,0.4476,1.0,False,
scenario_00049,no-leak,0,-1,-1.0,0,,0.5094,0.0,True,
scenario_00050,no-leak,0,-1,-1.0,0,,0.6856,0.0003,True,
scenario_00051,pipe-1,1,1,0.2,1,1.0,0.2,1.0,True,True
scenario_00052,pipe-1,1,1,0.2,1,3.0,0.5314,1.0,True,False
scenario_00053,pipe-1,1,1,0.2,1,3.0,0.4796,1.0,True,False
scenario_00054,pipe-1,1,1,0.2,1,1.0,0.5309,1.0,True,True
scenario_00055,pipe-1,1,1,0.2,1,1.0,0.1234,1.0,True,True
scenario_00056,pipe-1,1,1,0.2,1,1.0,0.3279,1.0,True,True
scenario_00057,pipe-1,1,1,0.2,1,1.0,0.136,1.0,True,True
scenario_00058,pipe-1,1,1,0.2,1,1.0,0.6225,1.0,True,True
scenario_00059,pipe-1,1,1,0.2,1,1.0,0.1669,1.0,True,True
scenario_00060,pipe-1,1,1,0.2,1,1.0,0.2483,1.0,True,True
scenario_00061,pipe-1,1,1,0.2,1,1.0,0.1319,1.0,True,True
scenario_00062,pipe-1,1,1,0.2,0,,0.5508,0.0,False,False
scenario_00063,pipe-1,1,1,0.2,1,1.0,0.1134,1.0,True,True
scenario_00064,pipe-1,1,1,0.2,1,1.0,0.1157,1.0,True,True
scenario_00065,pipe-1,1,1,0.2,1,1.0,0.0938,1.0,True,True
scenario_00066,pipe-1,1,1,0.2,1,1.0,0.5353,1.0,True,True
scenario_00067,pipe-1,1,1,0.2,1,1.0,0.2759,1.0,True,True
scenario_00068,pipe-1,1,1,0.2,1,1.0,0.531,1.0,True,True
scenario_00069,pipe-1,1,1,0.2,1,1.0,0.056,1.0,True,True
scenario_00070,pipe-1,1,1,0.2,1,1.0,0.172,1.0,True,True
scenario_00071,pipe-1,1,1,0.2,1,1.0,0.0659,1.0,True,True
scenario_00072,pipe-1,1,1,0.2,1,1.0,0.5804,1.0,True,True
scenario_00073,pipe-1,1,1,0.2,1,1.0,0.0879,1.0,True,True
scenario_00074,pipe-1,1,1,0.2,1,1.0,0.1431,1.0,True,True
scenario_00075,pipe-1,1,1,0.2,1,1.0,0.0628,1.0,True,True
scenario_00076,pipe-1,1,1,0.2,0,,0.5224,0.0,False,False
scenario_00077,pipe-1,1,1,0.2,1,1.0,0.0544,1.0,True,True
scenario_00078,pipe-1,1,1,0.2,1,1.0,0.0476,1.0,True,True
scenario_00079,pipe-1,1,1,0.2,1,1.0,0.0416,1.0,True,True
scenario_00080,pipe-1,1,1,0.2,1,1.0,0.5112,1.0,True,True
scenario_00081,pipe-1,1,1,0.2,1,1.0,0.1327,1.0,True,True
scenario_00082,pipe-1,1,1,0.2,1,1.0,0.5307,1.0,True,True
scenario_00083,pipe-1,1,1,0.2,1,1.0,0.0253,1.0,True,True
scenario_00084,pipe-1,1,1,0.2,1,1.0,0.0845,1.0,True,True
scenario_00085,pipe-1,1,1,0.2,1,1.0,0.0315,1.0,True,True
scenario_00086,pipe-1,1,1,0.2,1,1.0,0.5305,1.0,True,True
scenario_00087,pipe-1,1,1,0.2,1,1.0,0.0368,1.0,True,True
scenario_00088,pipe-1,1,1,0.2,1,1.0,0.1437,1.0,True,True
scenario_00089,pipe-1,1,1,0.2,1,1.0,0.0278,1.0,True,True
scenario_00090,pipe-1,1,1,0.2,0,,0.5101,0.0,False,False
scenario_00091,pipe-1,1,1,0.2,1,1.0,0.025,1.0,True,True
scenario_00092,pipe-1,1,1,0.2,1,1.0,0.0177,1.0,True,True
scenario_00093,pipe-1,1,1,0.4,1,1.0,0.2705,1.0,True,True
scenario_00094,pipe-1,1,1,0.4,1,3.0,0.5314,1.0,True,False
scenario_00095,pipe-1,1,1,0.4,1,3.0,0.5086,1.0,True,False
scenario_00096,pipe-1,1,1,0.4,1,1.0,0.5281,1.0,True,True
scenario_00097,pipe-1,1,1,0.4,1,1.0,0.1766,1.0,True,True
scenario_00098,pipe-1,1,1,0.4,1,1.0,0.4093,1.0,True,True
scenario_00099,pipe-1,1,1,0.4,1,1.0,0.1961,1.0,True,True
scenario_00100,pipe-1,1,1,0.4,1,1.0,0.5978,1.0,True,True
scenario_00101,pipe-1,1,1,0.4,1,1.0,0.2334,1.0,True,True
scenario_00102,pipe-1,1,1,0.4,1,1.0,0.3134,1.0,True,True
scenario_00103,pipe-1,1,1,0.4,1,1.0,0.1919,1.0,True,True
scenario_00104,pipe-1,1,1,0.4,0,,0.5553,0.0,False,False
scenario_00105,pipe-1,1,1,0.4,1,1.0,0.1601,1.0,True,True
scenario_00106,pipe-1,1,1,0.4,1,1.0,0.1473,1.0,True,True
scenario_00107,pipe-1,1,1,0.4,1,1.0,0.2383,1.0,True,True
scenario_00108,pipe-1,1,1,0.4,1,1.0,0.534,1.0,True,True
scenario_00109,pipe-1,1,1,0.4,1,1.0,0.4226,1.0,True,True
scenario_00110,pipe-1,1,1,0.4,1,1.0,0.5309,1.0,True,True
scenario_00111,pipe-1,1,1,0.4,1,1.0,0.1645,1.0,True,True
scenario_00112,pipe-1,1,1,0.4,1,1.0,0.3261,1.0,True,True
scenario_00113,pipe-1,1,1,0.4,1,1.0,0.192,1.0,True,True
scenario_00114,pipe-1,1,1,0.4,1,1.0,0.6469,1.0,True,True
scenario_00115,pipe-1,1,1,0.4,1,1.0,0.2262,1.0,True,True
scenario_00116,pipe-1,1,1,0.4,1,1.0,0.2969,1.0,True,True
scenario_00117,pipe-1,1,1,0.4,1,1.0,0.1834,1.0,True,True
scenario_00118,pipe-1,1,1,0.4,0,,0.53,0.0,False,False
scenario_00119,pipe-1,1,1,0.4,1,1.0,0.1548,1.0,True,True
scenario_00120,pipe-1,1,1,0.4,1,1.0,0.0935,1.0,True,True
scenario_00121,pipe-1,1,1,0.4,1,1.0,0.2216,1.0,True,True
scenario_00122,pipe-1,1,1,0.4,1,1.0,0.5562,1.0,True,True
scenario_00123,pipe-1,1,1,0.4,1,1.0,0.3047,1.0,True,True
scenario_00124,pipe-1,1,1,0.4,1,1.0,0.5189,1.0,True,True
scenario_00125,pipe-1,1,1,0.4,1,1.0,0.1761,1.0,True,True
scenario_00126,pipe-1,1,1,0.4,1,1.0,0.2988,1.0,True,True
scenario_00127,pipe-1,1,1,0.4,1,1.0,0.1971,1.0,True,True
scenario_00128,pipe-1,1,1,0.4,1,1.0,0.605,1.0,True,True
scenario_00129,pipe-1,1,1,0.4,1,1.0,0.2085,1.0,True,True
scenario_00130,pipe-1,1,1,0.4,1,1.0,0.4583,1.0,True,True
scenario_00131,pipe-1,1,1,0.4,1,1.0,0.1829,1.0,True,True
scenario_00132,pipe-1,1,1,0.4,0,,0.5162,0.0,False,False
scenario_00133,pipe-1,1,1,0.4,1,1.0,0.1652,1.0,True,True
scenario_00134,pipe-1,1,1,0.4,1,1.0,0.0667,1.0,True,True
scenario_00135,pipe-1,1,1,0.6,1,1.0,0.3557,1.0,True,True
scenario_00136,pipe-1,1,1,0.6,1,3.0,0.5314,1.0,True,False
scenario_00137,pipe-1,1,1,0.6,1,3.0,0.5288,1.0,True,False
scenario_00138,pipe-1,1,1,0.6,1,1.0,0.5255,1.0,True,True
scenario_00139,pipe-1,1,1,0.6,1,1.0,0.2572,1.0,True,True
scenario_00140,pipe-1,1,1,0.6,1,1.0,0.4905,1.0,True,True
scenario_00141,pipe-1,1,1,0.6,1,1.0,0.2807,1.0,True,True
scenario_00142,pipe-1,1,1,0.6,1,1.0,0.5657,1.0,True,True
scenario_00143,pipe-1,1,1,0.6,1,1.0,0.3234,1.0,True,True
scenario_00144,pipe-1,1,1,0.6,1,1.0,0.3934,1.0,True,True
scenario_00145,pipe-1,1,1,0.6,1,1.0,0.2814,1.0,True,True
scenario_00146,pipe-1,1,1,0.6,0,,0.5604,0.0,False,False
scenario_00147,pipe-1,1,1,0.6,1,1.0,0.2334,1.0,True,True
scenario_00148,pipe-1,1,1,0.6,1,1.0,0.1884,1.0,True,True
scenario_00149,pipe-1,1,1,0.6,1,1.0,0.4838,1.0,True,True
scenario_00150,pipe-1,1,1,0.6,1,1.0,0.5312,1.0,True,True
scenario_00151,pipe-1,1,1,0.6,1,1.0,0.5164,1.0,True,True
scenario_00152,pipe-1,1,1,0.6,1,1.0,0.5262,1.0,True,True
scenario_00153,pipe-1,1,1,0.6,1,1.0,0.3974,1.0,True,True
scenario_00154,pipe-1,1,1,0.6,1,1.0,0.5325,1.0,True,True
scenario_00155,pipe-1,1,1,0.6,1,1.0,0.4394,1.0,True,True
scenario_00156,pipe-1,1,1,0.6,1,1.0,0.6055,1.0,True,True
scenario_00157,pipe-1,1,1,0.6,1,1.0,0.4841,1.0,True,True
scenario_00158,pipe-1,1,1,0.6,1,1.0,0.5038,1.0,True,True
scenario_00159,pipe-1,1,1,0.6,1,1.0,0.4232,1.0,True,True
scenario_00160,pipe-1,1,1,0.6,0,,0.5358,0.0,False,False
scenario_00161,pipe-1,1,1,0.6,1,1.0,0.3787,1.0,True,True
scenario_00162,pipe-1,1,1,0.6,1,1.0,0.1779,1.0,True,True
scenario_00163,pipe-1,1,1,0.6,1,1.0,0.5503,1.0,True,True
scenario_00164,pipe-1,1,1,0.6,1,1.0,0.5549,1.0,True,True
scenario_00165,pipe-1,1,1,0.6,1,1.0,0.5007,1.0,True,True
scenario_00166,pipe-1,1,1,0.6,1,3.0,0.5086,1.0,True,False
scenario_00167,pipe-1,1,1,0.6,1,1.0,0.5516,1.0,True,True
scenario_00168,pipe-1,1,1,0.6,1,1.0,0.5634,1.0,True,True
scenario_00169,pipe-1,1,1,0.6,1,1.0,0.5704,1.0,True,True
scenario_00170,pipe-1,1,1,0.6,1,1.0,0.5336,1.0,True,True
scenario_00171,pipe-1,1,1,0.6,1,1.0,0.5737,1.0,True,True
scenario_00172,pipe-1,1,1,0.6,1,1.0,0.611,1.0,True,True
scenario_00173,pipe-1,1,1,0.6,1,1.0,0.5546,1.0,True,True
scenario_00174,pipe-1,1,1,0.6,0,,0.5229,0.0,False,False
scenario_00175,pipe-1,1,1,0.6,1,1.0,0.5296,1.0,True,True
scenario_00176,pipe-1,1,1,0.6,1,1.0,0.2216,1.0,True,True
scenario_00177,pipe-1,1,1,0.8,1,1.0,0.4518,1.0,True,True
scenario_00178,pipe-1,1,1,0.8,1,3.0,0.5287,1.0,True,False
scenario_00179,pipe-1,1,1,0.8,1,3.0,0.5314,1.0,True,False
scenario_00180,pipe-1,1,1,0.8,1,1.0,0.5232,1.0,True,True
scenario_00181,pipe-1,1,1,0.8,1,1.0,0.3666,1.0,True,True
scenario_00182,pipe-1,1,1,0.8,1,1.0,0.5695,1.0,True,True
scenario_00183,pipe-1,1,1,0.8,1,1.0,0.3925,1.0,True,True
scenario_00184,pipe-1,1,1,0.8,1,1.0,0.5355,1.0,True,True
scenario_00185,pipe-1,1,1,0.8,1,1.0,0.4299,1.0,True,True
scenario_00186,pipe-1,1,1,0.8,1,1.0,0.4859,1.0,True,True
scenario_00187,pipe-1,1,1,0.8,1,1.0,0.3942,1.0,True,True
scenario_00188,pipe-1,1,1,0.8,0,,0.5646,0.0,False,False
scenario_00189,pipe-1,1,1,0.8,1,1.0,0.332,1.0,True,True
scenario_00190,pipe-1,1,1,0.8,1,1.0,0.2401,1.0,True,True
scenario_00191,pipe-1,1,1,0.8,1,1.0,0.659,1.0,True,True
scenario_00192,pipe-1,1,1,0.8,1,1.0,0.5311,1.0,True,True
scenario_00193,pipe-1,1,1,0.8,1,1.0,0.5768,1.0,True,True
scenario_00194,pipe-1,1,1,0.8,1,1.0,0.5202,1.0,True,True
scenario_00195,pipe-1,1,1,0.8,1,1.0,0.652,1.0,True,True
scenario_00196,pipe-1,1,1,0.8,1,1.0,0.6186,1.0,True,True
scenario_00197,pipe-1,1,1,0.8,1,1.0,0.6685,1.0,True,True
scenario_00198,pipe-1,1,1,0.8,1,1.0,0.5525,1.0,True,True
scenario_00199,pipe-1,1,1,0.8,1,1.0,0.6713,1.0,True,True
scenario_00200,pipe-1,1,1,0.8,1,1.0,0.6116,1.0,True,True
scenario_00201,pipe-1,1,1,0.8,1,1.0,0.6603,1.0,True,True
scenario_00202,pipe-1,1,1,0.8,0,,0.5404,0.0,False,False
scenario_00203,pipe-1,1,1,0.8,1,1.0,0.6393,1.0,True,True
scenario_00204,pipe-1,1,1,0.8,1,1.0,0.311,1.0,True,True
scenario_00205,pipe-1,1,1,0.8,1,1.0,0.6614,1.0,True,True
scenario_00206,pipe-1,1,1,0.8,1,1.0,0.5306,1.0,True,True
scenario_00207,pipe-1,1,1,0.8,1,1.0,0.5879,1.0,True,True
scenario_00208,pipe-1,1,1,0.8,1,2.0,0.4961,1.0,True,False
scenario_00209,pipe-1,1,1,0.8,1,1.0,0.6881,1.0,True,True
scenario_00210,pipe-1,1,1,0.8,1,1.0,0.6182,1.0,True,True
scenario_00211,pipe-1,1,1,0.8,1,1.0,0.6755,1.0,True,True
scenario_00212,pipe-1,1,1,0.8,1,1.0,0.5208,1.0,True,True
scenario_00213,pipe-1,1,1,0.8,1,1.0,0.6741,1.0,True,True
scenario_00214,pipe-1,1,1,0.8,1,1.0,0.5597,1.0,True,True
scenario_00215,pipe-1,1,1,0.8,1,1.0,0.6775,1.0,True,True
scenario_00216,pipe-1,1,1,0.8,0,,0.529,0.0,False,False
scenario_00217,pipe-1,1,1,0.8,1,1.0,0.6838,1.0,True,True
scenario_00218,pipe-1,1,1,0.8,1,1.0,0.5032,1.0,True,True
scenario_00219,pipe-2,1,2,0.2,1,2.0,0.5315,1.0,True,True
scenario_00220,pipe-2,1,2,0.2,1,2.0,0.5101,1.0,True,True
scenario_00221,pipe-2,1,2,0.2,1,1.0,0.5314,1.0,True,False
scenario_00222,pipe-2,1,2,0.2,1,2.0,0.5074,1.0,True,True
scenario_00223,pipe-2,1,2,0.2,1,2.0,0.5345,1.0,True,True
scenario_00224,pipe-2,1,2,0.2,1,1.0,0.5581,1.0,True,False
scenario_00225,pipe-2,1,2,0.2,1,2.0,0.5332,1.0,True,True
scenario_00226,pipe-2,1,2,0.2,1,2.0,0.4584,1.0,True,True
scenario_00227,pipe-2,1,2,0.2,1,2.0,0.5096,1.0,True,True
scenario_00228,pipe-2,1,2,0.2,1,2.0,0.4772,1.0,True,True
scenario_00229,pipe-2,1,2,0.2,1,2.0,0.5314,1.0,True,True
scenario_00230,pipe-2,1,2,0.2,0,,0.5823,0.0,False,False
scenario_00231,pipe-2,1,2,0.2,1,2.0,0.5412,1.0,True,True
scenario_00232,pipe-2,1,2,0.2,1,1.0,0.5159,1.0,True,False
scenario_00233,pipe-2,1,2,0.2,1,2.0,0.3977,1.0,True,True
scenario_00234,pipe-2,1,2,0.2,1,2.0,0.4806,1.0,True,True
scenario_00235,pipe-2,1,2,0.2,1,2.0,0.5027,1.0,True,True
scenario_00236,pipe-2,1,2,0.2,1,2.0,0.48,1.0,True,True
scenario_00237,pipe-2,1,2,0.2,1,2.0,0.314,1.0,True,True
scenario_00238,pipe-2,1,2,0.2,1,2.0,0.492,1.0,True,True
scenario_00239,pipe-2,1,2,0.2,1,2.0,0.314,1.0,True,True
scenario_00240,pipe-2,1,2,0.2,1,2.0,0.4694,1.0,True,True
scenario_00241,pipe-2,1,2,0.2,1,2.0,0.3282,1.0,True,True
scenario_00242,pipe-2,1,2,0.2,1,2.0,0.4116,1.0,True,True
scenario_00243,pipe-2,1,2,0.2,1,2.0,0.3154,1.0,True,True
scenario_00244,pipe-2,1,2,0.2,0,,0.5697,0.0,False,False
scenario_00245,pipe-2,1,2,0.2,1,2.0,0.3283,1.0,True,True
scenario_00246,pipe-2,1,2,0.2,1,2.0,0.5018,1.0,True,True
scenario_00247,pipe-2,1,2,0.2,1,2.0,0.4336,1.0,True,True
scenario_00248,pipe-2,1,2,0.2,1,2.0,0.4585,1.0,True,True
scenario_00249,pipe-2,1,2,0.2,1,2.0,0.4594,1.0,True,True
scenario_00250,pipe-2,1,2,0.2,1,4.0,0.4593,1.0,True,False
scenario_00251,pipe-2,1,2,0.2,1,2.0,0.4008,1.0,True,True
scenario_00252,pipe-2,1,2,0.2,1,2.0,0.4675,1.0,True,True
scenario_00253,pipe-2,1,2,0.2,1,2.0,0.4147,1.0,True,True
scenario_00254,pipe-2,1,2,0.2,1,2.0,0.5047,1.0,True,True
scenario_00255,pipe-2,1,2,0.2,1,2.0,0.4231,1.0,True,True
scenario_00256,pipe-2,1,2,0.2,1,2.0,0.4231,1.0,True,True
scenario_00257,pipe-2,1,2,0.2,1,2.0,0.4076,1.0,True,True
scenario_00258,pipe-2,1,2,0.2,0,,0.5565,0.0,False,False
scenario_00259,pipe-2,1,2,0.2,1,2.0,0.4189,1.0,True,True
scenario_00260,pipe-2,1,2,0.2,1,2.0,0.4678,1.0,True,True
scenario_00261,pipe-2,1,2,0.4,1,2.0,0.471,1.0,True,True
scenario_00262,pipe-2,1,2,0.4,1,2.0,0.4841,1.0,True,True
scenario_00263,pipe-2,1,2,0.4,1,2.0,0.4986,1.0,True,True
scenario_00264,pipe-2,1,2,0.4,1,2.0,0.4917,1.0,True,True
scenario_00265,pipe-2,1,2,0.4,1,2.0,0.4453,1.0,True,True
scenario_00266,pipe-2,1,2,0.4,1,2.0,0.4872,1.0,True,True
scenario_00267,pipe-2,1,2,0.4,1,2.0,0.4416,1.0,True,True
scenario_00268,pipe-2,1,2,0.4,1,2.0,0.4386,1.0,True,True
scenario_00269,pipe-2,1,2,0.4,1,2.0,0.4426,1.0,True,True
scenario_00270,pipe-2,1,2,0.4,1,2.0,0.4141,1.0,True,True
scenario_00271,pipe-2,1,2,0.4,1,2.0,0.4418,1.0,True,True
scenario_00272,pipe-2,1,2,0.4,0,,0.5934,0.0,False,False
scenario_00273,pipe-2,1,2,0.4,1,2.0,0.4457,1.0,True,True
scenario_00274,pipe-2,1,2,0.4,1,2.0,0.4791,1.0,True,True
scenario_00275,pipe-2,1,2,0.4,1,2.0,0.3209,1.0,True,True
scenario_00276,pipe-2,1,2,0.4,1,2.0,0.4391,1.0,True,True
scenario_00277,pipe-2,1,2,0.4,1,2.0,0.4368,1.0,True,True
scenario_00278,pipe-2,1,2,0.4,1,4.0,0.4538,1.0,True,False
scenario_00279,pipe-2,1,2,0.4,1,2.0,0.2486,1.0,True,True
scenario_00280,pipe-2,1,2,0.4,1,2.0,0.4452,1.0,True,True
scenario_00281,pipe-2,1,2,0.4,1,2.0,0.2463,1.0,True,True
scenario_00282,pipe-2,1,2,0.4,1,2.0,0.4471,1.0,True,True
scenario_00283,pipe-2,1,2,0.4,1,2.0,0.2686,1.0,True,True
scenario_00284,pipe-2,1,2,0.4,1,2.0,0.4074,1.0,True,True
scenario_00285,pipe-2,1,2,0.4,1,2.0,0.2512,1.0,True,True
scenario_00286,pipe-2,1,2,0.4,0,,0.5907,0.0,False,False
scenario_00287,pipe-2,1,2,0.4,1,2.0,0.2474,1.0,True,True
scenario_00288,pipe-2,1,2,0.4,1,2.0,0.3718,1.0,True,True
scenario_00289,pipe-2,1,2,0.4,1,2.0,0.3728,1.0,True,True
scenario_00290,pipe-2,1,2,0.4,1,2.0,0.4601,1.0,True,True
scenario_00291,pipe-2,1,2,0.4,1,2.0,0.4301,1.0,True,True
scenario_00292,pipe-2,1,2,0.4,1,4.0,0.4681,0.9999,True,False
scenario_00293,pipe-2,1,2,0.4,1,2.0,0.3665,1.0,True,True
scenario_00294,pipe-2,1,2,0.4,1,2.0,0.4051,1.0,True,True
scenario_00295,pipe-2,1,2,0.4,1,2.0,0.3675,1.0,True,True
scenario_00296,pipe-2,1,2,0.4,1,2.0,0.4997,1.0,True,True
scenario_00297,pipe-2,1,2,0.4,1,2.0,0.3713,1.0,True,True
scenario_00298,pipe-2,1,2,0.4,1,2.0,0.4074,1.0,True,True
scenario_00299,pipe-2,1,2,0.4,1,2.0,0.3679,1.0,True,True
scenario_00300,pipe-2,1,2,0.4,0,,0.5774,0.0,False,False
scenario_00301,pipe-2,1,2,0.4,1,2.0,0.3689,1.0,True,True
scenario_00302,pipe-2,1,2,0.4,1,2.0,0.3971,1.0,True,True
scenario_00303,pipe-2,1,2,0.6,1,2.0,0.4511,1.0,True,True
scenario_00304,pipe-2,1,2,0.6,1,2.0,0.4632,1.0,True,True
scenario_00305,pipe-2,1,2,0.6,1,2.0,0.4588,1.0,True,True
scenario_00306,pipe-2,1,2,0.6,1,2.0,0.4729,1.0,True,True
scenario_00307,pipe-2,1,2,0.6,1,2.0,0.6784,1.0,True,True
scenario_00308,pipe-2,1,2,0.6,1,2.0,0.4454,1.0,True,True
scenario_00309,pipe-2,1,2,0.6,1,2.0,0.6014,1.0,True,True
scenario_00310,pipe-2,1,2,0.6,1,2.0,0.4199,1.0,True,True
scenario_00311,pipe-2,1,2,0.6,1,2.0,0.6811,1.0,True,True
scenario_00312,pipe-2,1,2,0.6,1,2.0,0.574,1.0,True,True
scenario_00313,pipe-2,1,2,0.6,1,2.0,0.6501,1.0,True,True
scenario_00314,pipe-2,1,2,0.6,0,,0.6032,0.0,False,False
scenario_00315,pipe-2,1,2,0.6,1,2.0,0.6371,1.0,True,True
scenario_00316,pipe-2,1,2,0.6,1,2.0,0.5463,1.0,True,True
scenario_00317,pipe-2,1,2,0.6,1,2.0,0.4735,1.0,True,True
scenario_00318,pipe-2,1,2,0.6,1,2.0,0.4027,1.0,True,True
scenario_00319,pipe-2,1,2,0.6,1,2.0,0.4218,1.0,True,True
scenario_00320,pipe-2,1,2,0.6,1,4.0,0.4547,0.9999,True,False
scenario_00321,pipe-2,1,2,0.6,1,2.0,0.5634,1.0,True,True
scenario_00322,pipe-2,1,2,0.6,1,2.0,0.4102,1.0,True,True
scenario_00323,pipe-2,1,2,0.6,1,2.0,0.4998,1.0,True,True
scenario_00324,pipe-2,1,2,0.6,1,2.0,0.4292,1.0,True,True
scenario_00325,pipe-2,1,2,0.6,1,2.0,0.5693,1.0,True,True
scenario_00326,pipe-2,1,2,0.6,1,2.0,0.6234,1.0,True,True
scenario_00327,pipe-2,1,2,0.6,1,2.0,0.5432,1.0,True,True
scenario_00328,pipe-2,1,2,0.6,0,,0.6038,0.0,False,False
scenario_00329,pipe-2,1,2,0.6,1,2.0,0.5181,1.0,True,True
scenario_00330,pipe-2,1,2,0.6,1,2.0,0.5371,1.0,True,True
scenario_00331,pipe-2,1,2,0.6,1,2.0,0.5773,1.0,True,True
scenario_00332,pipe-2,1,2,0.6,1,4.0,0.5048,0.9904,True,False
scenario_00333,pipe-2,1,2,0.6,0,,0.4818,0.4495,False,False
scenario_00334,pipe-2,1,2,0.6,1,4.0,0.4701,0.9999,True,False
scenario_00335,pipe-2,1,2,0.6,1,2.0,0.6112,1.0,True,True
scenario_00336,pipe-2,1,2,0.6,1,2.0,0.3703,1.0,True,True
scenario_00337,pipe-2,1,2,0.6,1,2.0,0.5944,1.0,True,True
scenario_00338,pipe-2,1,2,0.6,1,2.0,0.5137,1.0,True,True
scenario_00339,pipe-2,1,2,0.6,1,2.0,0.6081,1.0,True,True
scenario_00340,pipe-2,1,2,0.6,1,2.0,0.4437,1.0,True,True
scenario_00341,pipe-2,1,2,0.6,1,2.0,0.6031,1.0,True,True
scenario_00342,pipe-2,1,2,0.6,0,,0.5792,0.0,False,False
scenario_00343,pipe-2,1,2,0.6,1,2.0,0.5945,1.0,True,True
scenario_00344,pipe-2,1,2,0.6,1,2.0,0.5561,1.0,True,True
scenario_00345,pipe-2,1,2,0.8,1,2.0,0.4828,1.0,True,True
scenario_00346,pipe-2,1,2,0.8,1,2.0,0.4423,1.0,True,True
scenario_00347,pipe-2,1,2,0.8,1,2.0,0.5607,1.0,True,True
scenario_00348,pipe-2,1,2,0.8,1,2.0,0.4543,1.0,True,True
scenario_00349,pipe-2,1,2,0.8,1,2.0,0.8585,1.0,True,True
scenario_00350,pipe-2,1,2,0.8,1,2.0,0.4197,1.0,True,True
scenario_00351,pipe-2,1,2,0.8,1,2.0,0.7948,1.0,True,True
scenario_00352,pipe-2,1,2,0.8,1,2.0,0.4023,1.0,True,True
scenario_00353,pipe-2,1,2,0.8,1,2.0,0.8476,1.0,True,True
scenario_00354,pipe-2,1,2,0.8,1,2.0,0.7616,1.0,True,True
scenario_00355,pipe-2,1,2,0.8,1,2.0,0.842,1.0,True,True
scenario_00356,pipe-2,1,2,0.8,0,,0.6112,0.0,False,False
scenario_00357,pipe-2,1,2,0.8,1,2.0,0.8238,1.0,True,True
scenario_00358,pipe-2,1,2,0.8,1,2.0,0.7455,1.0,True,True
scenario_00359,pipe-2,1,2,0.8,1,2.0,0.7379,1.0,True,True
scenario_00360,pipe-2,1,2,0.8,1,2.0,0.4225,1.0,True,True
scenario_00361,pipe-2,1,2,0.8,1,2.0,0.6019,1.0,True,True
scenario_00362,pipe-2,1,2,0.8,1,4.0,0.4623,0.9999,True,False
scenario_00363,pipe-2,1,2,0.8,1,2.0,0.8287,1.0,True,True
scenario_00364,pipe-2,1,2,0.8,1,2.0,0.467,1.0,True,True
scenario_00365,pipe-2,1,2,0.8,1,2.0,0.7837,1.0,True,True
scenario_00366,pipe-2,1,2,0.8,1,2.0,0.414,1.0,True,True
scenario_00367,pipe-2,1,2,0.8,1,2.0,0.8254,1.0,True,True
scenario_00368,pipe-2,1,2,0.8,1,2.0,0.7561,1.0,True,True
scenario_00369,pipe-2,1,2,0.8,1,2.0,0.8116,1.0,True,True
scenario_00370,pipe-2,1,2,0.8,0,,0.6091,0.0,False,False
scenario_00371,pipe-2,1,2,0.8,1,2.0,0.8025,1.0,True,True
scenario_00372,pipe-2,1,2,0.8,1,2.0,0.8125,1.0,True,True
scenario_00373,pipe-2,1,2,0.8,1,2.0,0.7236,1.0,True,True
scenario_00374,pipe-2,1,2,0.8,1,4.0,0.5519,0.9994,True,False
scenario_00375,pipe-2,1,2,0.8,0,,0.5056,0.0154,False,False
scenario_00376,pipe-2,1,2,0.8,1,4.0,0.4713,1.0,True,False
scenario_00377,pipe-2,1,2,0.8,1,2.0,0.8264,1.0,True,True
scenario_00378,pipe-2,1,2,0.8,1,2.0,0.412,1.0,True,True
scenario_00379,pipe-2,1,2,0.8,1,2.0,0.7943,1.0,True,True
scenario_00380,pipe-2,1,2,0.8,1,3.0,0.534,1.0,True,False
scenario_00381,pipe-2,1,2,0.8,1,2.0,0.7928,1.0,True,True
scenario_00382,pipe-2,1,2,0.8,1,2.0,0.4381,1.0,True,True
scenario_00383,pipe-2,1,2,0.8,1,2.0,0.7984,1.0,True,True
scenario_00384,pipe-2,1,2,0.8,0,,0.5817,0.0,False,False
scenario_00385,pipe-2,1,2,0.8,1,2.0,0.7866,1.0,True,True
scenario_00386,pipe-2,1,2,0.8,1,2.0,0.6151,1.0,True,True
scenario_00387,pipe-3,1,3,0.2,1,3.0,0.0703,1.0,True,True
scenario_00388,pipe-3,1,3,0.2,1,3.0,0.5853,1.0,True,True
scenario_00389,pipe-3,1,3,0.2,1,3.0,0.5014,1.0,True,True
scenario_00390,pipe-3,1,3,0.2,1,3.0,0.514,1.0,True,True
scenario_00391,pipe-3,1,3,0.2,1,3.0,0.0783,1.0,True,True
scenario_00392,pipe-3,1,3,0.2,1,3.0,0.1148,1.0,True,True
scenario_00393,pipe-3,1,3,0.2,1,3.0,0.0805,1.0,True,True
scenario_00394,pipe-3,1,3,0.2,1,3.0,0.2747,1.0,True,True
scenario_00395,pipe-3,1,3,0.2,1,3.0,0.1062,1.0,True,True
scenario_00396,pipe-3,1,3,0.2,1,3.0,0.0821,1.0,True,True
scenario_00397,pipe-3,1,3,0.2,1,3.0,0.0956,1.0,True,True
scenario_00398,pipe-3,1,3,0.2,0,,0.5087,0.0,False,False
scenario_00399,pipe-3,1,3,0.2,1,3.0,0.0597,1.0,True,True
scenario_00400,pipe-3,1,3,0.2,1,3.0,0.0447,1.0,True,True
scenario_00401,pipe-3,1,3,0.2,1,3.0,0.0872,1.0,True,True
scenario_00402,pipe-3,1,3,0.2,1,3.0,0.4983,1.0,True,True
scenario_00403,pipe-3,1,3,0.2,1,3.0,0.3719,1.0,True,True
scenario_00404,pipe-3,1,3,0.2,1,3.0,0.5218,1.0,True,True
scenario_00405,pipe-3,1,3,0.2,1,3.0,0.077,1.0,True,True
scenario_00406,pipe-3,1,3,0.2,1,3.0,0.2071,1.0,True,True
scenario_00407,pipe-3,1,3,0.2,1,3.0,0.0818,1.0,True,True
scenario_00408,pipe-3,1,3,0.2,1,3.0,0.2481,1.0,True,True
scenario_00409,pipe-3,1,3,0.2,1,3.0,0.1006,1.0,True,True
scenario_00410,pipe-3,1,3,0.2,1,3.0,0.1998,1.0,True,True
scenario_00411,pipe-3,1,3,0.2,1,3.0,0.0895,1.0,True,True
scenario_00412,pipe-3,1,3,0.2,0,,0.5005,0.0001,False,False
scenario_00413,pipe-3,1,3,0.2,1,3.0,0.0735,1.0,True,True
scenario_00414,pipe-3,1,3,0.2,1,3.0,0.1308,1.0,True,True
scenario_00415,pipe-3,1,3,0.2,1,3.0,0.189,1.0,True,True
scenario_00416,pipe-3,1,3,0.2,1,3.0,0.5453,1.0,True,True
scenario_00417,pipe-3,1,3,0.2,0,,0.4802,0.077,False,False
scenario_00418,pipe-3,1,3,0.2,1,4.0,0.5082,1.0,True,False
scenario_00419,pipe-3,1,3,0.2,1,3.0,0.1766,1.0,True,True
scenario_00420,pipe-3,1,3,0.2,1,3.0,0.2692,1.0,True,True
scenario_00421,pipe-3,1,3,0.2,1,3.0,0.1768,1.0,True,True
scenario_00422,pipe-3,1,3,0.2,1,3.0,0.497,1.0,True,True
scenario_00423,pipe-3,1,3,0.2,1,3.0,0.1892,1.0,True,True
scenario_00424,pipe-3,1,3,0.2,1,3.0,0.3889,1.0,True,True
scenario_00425,pipe-3,1,3,0.2,1,3.0,0.1842,1.0,True,True
scenario_00426,pipe-3,1,3,0.2,0,,0.5057,0.0006,False,False
scenario_00427,pipe-3,1,3,0.2,1,3.0,0.1731,1.0,True,True
scenario_00428,pipe-3,1,3,0.2,1,3.0,0.2127,1.0,True,True
scenario_00429,pipe-3,1,3,0.4,1,3.0,0.204,1.0,True,True
scenario_00430,pipe-3,1,3,0.4,1,3.0,0.6002,1.0,True,True
scenario_00431,pipe-3,1,3,0.4,1,3.0,0.6004,1.0,True,True
scenario_00432,pipe-3,1,3,0.4,1,3.0,0.5314,1.0,True,True
scenario_00433,pipe-3,1,3,0.4,1,3.0,0.2452,1.0,True,True
scenario_00434,pipe-3,1,3,0.4,1,3.0,0.2284,1.0,True,True
scenario_00435,pipe-3,1,3,0.4,1,3.0,0.2508,1.0,True,True
scenario_00436,pipe-3,1,3,0.4,1,3.0,0.4334,1.0,True,True
scenario_00437,pipe-3,1,3,0.4,1,3.0,0.3127,1.0,True,True
scenario_00438,pipe-3,1,3,0.4,1,3.0,0.2307,1.0,True,True
scenario_00439,pipe-3,1,3,0.4,1,3.0,0.2838,1.0,True,True
scenario_00440,pipe-3,1,3,0.4,0,,0.5257,0.0,False,False
scenario_00441,pipe-3,1,3,0.4,1,3.0,0.2015,1.0,True,True
scenario_00442,pipe-3,1,3,0.4,1,3.0,0.143,1.0,True,True
scenario_00443,pipe-3,1,3,0.4,1,3.0,0.3973,1.0,True,True
scenario_00444,pipe-3,1,3,0.4,1,3.0,0.5455,1.0,True,True
scenario_00445,pipe-3,1,3,0.4,1,3.0,0.5155,1.0,True,True
scenario_00446,pipe-3,1,3,0.4,1,3.0,0.5355,1.0,True,True
scenario_00447,pipe-3,1,3,0.4,1,3.0,0.4033,1.0,True,True
scenario_00448,pipe-3,1,3,0.4,1,3.0,0.3836,1.0,True,True
scenario_00449,pipe-3,1,3,0.4,1,3.0,0.4016,1.0,True,True
scenario_00450,pipe-3,1,3,0.4,1,3.0,0.4635,1.0,True,True
scenario_00451,pipe-3,1,3,0.4,1,3.0,0.4264,1.0,True,True
scenario_00452,pipe-3,1,3,0.4,1,3.0,0.4202,1.0,True,True
scenario_00453,pipe-3,1,3,0.4,1,3.0,0.4058,1.0,True,True
scenario_00454,pipe-3,1,3,0.4,0,,0.5124,0.0,False,False
scenario_00455,pipe-3,1,3,0.4,1,3.0,0.3957,1.0,True,True
scenario_00456,pipe-3,1,3,0.4,1,3.0,0.377,1.0,True,True
scenario_00457,pipe-3,1,3,0.4,1,3.0,0.4512,1.0,True,True
scenario_00458,pipe-3,1,3,0.4,1,3.0,0.5411,1.0,True,True
scenario_00459,pipe-3,1,3,0.4,1,3.0,0.4916,0.5143,True,True
scenario_00460,pipe-3,1,3,0.4,1,4.0,0.4988,1.0,True,False
scenario_00461,pipe-3,1,3,0.4,1,3.0,0.4374,1.0,True,True
scenario_00462,pipe-3,1,3,0.4,1,3.0,0.4964,1.0,True,True
scenario_00463,pipe-3,1,3,0.4,1,3.0,0.4299,1.0,True,True
scenario_00464,pipe-3,1,3,0.4,1,3.0,0.5314,1.0,True,True
scenario_00465,pipe-3,1,3,0.4,1,3.0,0.4426,1.0,True,True
scenario_00466,pipe-3,1,3,0.4,1,3.0,0.5474,1.0,True,True
scenario_00467,pipe-3,1,3,0.4,1,3.0,0.4371,1.0,True,True
scenario_00468,pipe-3,1,3,0.4,0,,0.5095,0.0017,False,False
scenario_00469,pipe-3,1,3,0.4,1,3.0,0.4228,1.0,True,True
scenario_00470,pipe-3,1,3,0.4,1,3.0,0.4794,1.0,True,True
scenario_00471,pipe-3,1,3,0.6,1,3.0,0.4474,1.0,True,True
scenario_00472,pipe-3,1,3,0.6,1,3.0,0.5904,1.0,True,True
scenario_00473,pipe-3,1,3,0.6,1,3.0,0.6247,1.0,True,True
scenario_00474,pipe-3,1,3,0.6,1,3.0,0.5313,1.0,True,True
scenario_00475,pipe-3,1,3,0.6,1,3.0,0.5266,1.0,True,True
scenario_00476,pipe-3,1,3,0.6,1,3.0,0.4021,1.0,True,True
scenario_00477,pipe-3,1,3,0.6,1,3.0,0.5292,1.0,True,True
scenario_00478,pipe-3,1,3,0.6,1,3.0,0.5543,1.0,True,True
scenario_00479,pipe-3,1,3,0.6,1,3.0,0.5938,1.0,True,True
scenario_00480,pipe-3,1,3,0.6,1,3.0,0.4369,1.0,True,True
scenario_00481,pipe-3,1,3,0.6,1,3.0,0.55,1.0,True,True
scenario_00482,pipe-3,1,3,0.6,0,,0.5454,0.0,False,False
scenario_00483,pipe-3,1,3,0.6,1,3.0,0.4848,1.0,True,True
scenario_00484,pipe-3,1,3,0.6,1,3.0,0.3892,1.0,True,True
scenario_00485,pipe-3,1,3,0.6,1,3.0,0.5734,1.0,True,True
scenario_00486,pipe-3,1,3,0.6,1,3.0,0.5335,1.0,True,True
scenario_00487,pipe-3,1,3,0.6,1,3.0,0.6023,1.0,True,True
scenario_00488,pipe-3,1,3,0.6,1,4.0,0.5067,1.0,True,False
scenario_00489,pipe-3,1,3,0.6,1,3.0,0.5479,1.0,True,True
scenario_00490,pipe-3,1,3,0.6,1,3.0,0.574,1.0,True,True
scenario_00491,pipe-3,1,3,0.6,1,3.0,0.5433,1.0,True,True
scenario_00492,pipe-3,1,3,0.6,1,3.0,0.6476,1.0,True,True
scenario_00493,pipe-3,1,3,0.6,1,3.0,0.5762,1.0,True,True
scenario_00494,pipe-3,1,3,0.6,1,3.0,0.5991,1.0,True,True
scenario_00495,pipe-3,1,3,0.6,1,3.0,0.5449,1.0,True,True
scenario_00496,pipe-3,1,3,0.6,0,,0.5297,0.0001,False,False
scenario_00497,pipe-3,1,3,0.6,1,3.0,0.5419,1.0,True,True
scenario_00498,pipe-3,1,3,0.6,1,3.0,0.5766,1.0,True,True
scenario_00499,pipe-3,1,3,0.6,1,3.0,0.6054,1.0,True,True
scenario_00500,pipe-3,1,3,0.6,1,3.0,0.5313,1.0,True,True
scenario_00501,pipe-3,1,3,0.6,0,,0.4892,0.3974,False,False
scenario_00502,pipe-3,1,3,0.6,1,4.0,0.4956,1.0,True,False
scenario_00503,pipe-3,1,3,0.6,1,3.0,0.5875,1.0,True,True
scenario_00504,pipe-3,1,3,0.6,1,3.0,0.5164,1.0,True,True
scenario_00505,pipe-3,1,3,0.6,1,3.0,0.5661,1.0,True,True
scenario_00506,pipe-3,1,3,0.6,1,3.0,0.5302,1.0,True,True
scenario_00507,pipe-3,1,3,0.6,1,3.0,0.5314,1.0,True,True
scenario_00508,pipe-3,1,3,0.6,1,3.0,0.4938,1.0,True,True
scenario_00509,pipe-3,1,3,0.6,1,3.0,0.5598,1.0,True,True
scenario_00510,pipe-3,1,3,0.6,0,,0.5062,0.0086,False,False
scenario_00511,pipe-3,1,3,0.6,1,3.0,0.5595,1.0,True,True
scenario_00512,pipe-3,1,3,0.6,1,3.0,0.5454,1.0,True,True
scenario_00513,pipe-3,1,3,0.8,1,3.0,0.6453,1.0,True,True
scenario_00514,pipe-3,1,3,0.8,1,3.0,0.5837,1.0,True,True
scenario_00515,pipe-3,1,3,0.8,1,3.0,0.6036,1.0,True,True
scenario_00516,pipe-3,1,3,0.8,1,3.0,0.5155,1.0,True,True
scenario_00517,pipe-3,1,3,0.8,1,3.0,0.643,1.0,True,True
scenario_00518,pipe-3,1,3,0.8,1,3.0,0.5272,1.0,True,True
scenario_00519,pipe-3,1,3,0.8,1,3.0,0.6415,1.0,True,True
scenario_00520,pipe-3,1,3,0.8,1,3.0,0.5502,1.0,True,True
scenario_00521,pipe-3,1,3,0.8,1,3.0,0.6774,1.0,True,True
scenario_00522,pipe-3,1,3,0.8,1,3.0,0.5805,1.0,True,True
scenario_00523,pipe-3,1,3,0.8,1,3.0,0.6522,1.0,True,True
scenario_00524,pipe-3,1,3,0.8,0,,0.5675,0.0,False,False
scenario_00525,pipe-3,1,3,0.8,1,3.0,0.6319,1.0,True,True
scenario_00526,pipe-3,1,3,0.8,1,3.0,0.5862,1.0,True,True
scenario_00527,pipe-3,1,3,0.8,1,3.0,0.7524,1.0,True,True
scenario_00528,pipe-3,1,3,0.8,1,3.0,0.5425,1.0,True,True
scenario_00529,pipe-3,1,3,0.8,1,3.0,0.5676,1.0,True,True
scenario_00530,pipe-3,1,3,0.8,1,4.0,0.4897,1.0,True,False
scenario_00531,pipe-3,1,3,0.8,1,3.0,0.6841,1.0,True,True
scenario_00532,pipe-3,1,3,0.8,1,3.0,0.6556,1.0,True,True
scenario_00533,pipe-3,1,3,0.8,1,3.0,0.6898,1.0,True,True
scenario_00534,pipe-3,1,3,0.8,1,3.0,0.7133,1.0,True,True
scenario_00535,pipe-3,1,3,0.8,1,3.0,0.718,1.0,True,True
scenario_00536,pipe-3,1,3,0.8,1,3.0,0.6413,1.0,True,True
scenario_00537,pipe-3,1,3,0.8,1,3.0,0.6865,1.0,True,True
scenario_00538,pipe-3,1,3,0.8,0,,0.5403,0.0001,False,False
scenario_00539,pipe-3,1,3,0.8,1,3.0,0.682,1.0,True,True
scenario_00540,pipe-3,1,3,0.8,1,3.0,0.6404,1.0,True,True
scenario_00541,pipe-3,1,3,0.8,1,3.0,0.4778,0.9993,True,True
scenario_00542,pipe-3,1,3,0.8,1,3.0,0.5236,1.0,True,True
scenario_00543,pipe-3,1,3,0.8,0,,0.4836,0.0138,False,False
scenario_00544,pipe-3,1,3,0.8,1,4.0,0.4941,0.9999,True,False
scenario_00545,pipe-3,1,3,0.8,1,5.0,0.4863,0.7774,True,False
scenario_00546,pipe-3,1,3,0.8,1,5.0,0.4644,1.0,True,False
scenario_00547,pipe-3,1,3,0.8,1,3.0,0.4956,0.5132,True,True
scenario_00548,pipe-3,1,3,0.8,1,3.0,0.527,1.0,True,True
scenario_00549,pipe-3,1,3,0.8,0,,0.5236,0.0044,False,False
scenario_00550,pipe-3,1,3,0.8,1,5.0,0.4586,1.0,True,False
scenario_00551,pipe-3,1,3,0.8,0,,0.496,0.4229,False,False
scenario_00552,pipe-3,1,3,0.8,0,,0.5011,0.0105,False,False
scenario_00553,pipe-3,1,3,0.8,0,,0.4997,0.3445,False,False
scenario_00554,pipe-3,1,3,0.8,1,5.0,0.4719,1.0,True,False
scenario_00555,pipe-4,1,4,0.2,1,3.0,0.6709,1.0,True,False
scenario_00556,pipe-4,1,4,0.2,1,4.0,0.5671,1.0,True,True
scenario_00557,pipe-4,1,4,0.2,1,4.0,0.5231,1.0,True,True
scenario_00558,pipe-4,1,4,0.2,1,5.0,0.4969,1.0,True,False
scenario_00559,pipe-4,1,4,0.2,1,3.0,0.6622,1.0,True,False
scenario_00560,pipe-4,1,4,0.2,1,3.0,0.5262,1.0,True,False
scenario_00561,pipe-4,1,4,0.2,1,3.0,0.6682,1.0,True,False
scenario_00562,pipe-4,1,4,0.2,1,3.0,0.5177,1.0,True,False
scenario_00563,pipe-4,1,4,0.2,1,4.0,0.6747,1.0,True,True
scenario_00564,pipe-4,1,4,0.2,1,4.0,0.5028,0.9889,True,True
scenario_00565,pipe-4,1,4,0.2,1,3.0,0.6717,1.0,True,False
scenario_00566,pipe-4,1,4,0.2,0,,0.5835,0.0,False,False
scenario_00567,pipe-4,1,4,0.2,1,3.0,0.6548,1.0,True,False
scenario_00568,pipe-4,1,4,0.2,1,4.0,0.5533,1.0,True,True
scenario_00569,pipe-4,1,4,0.2,1,4.0,0.6759,1.0,True,True
scenario_00570,pipe-4,1,4,0.2,1,3.0,0.5429,1.0,True,False
scenario_00571,pipe-4,1,4,0.2,1,4.0,0.5123,1.0,True,True
scenario_00572,pipe-4,1,4,0.2,1,4.0,0.4834,1.0,True,True
scenario_00573,pipe-4,1,4,0.2,1,3.0,0.6881,1.0,True,False
scenario_00574,pipe-4,1,4,0.2,1,3.0,0.5059,1.0,True,False
scenario_00575,pipe-4,1,4,0.2,1,3.0,0.7086,1.0,True,False
scenario_00576,pipe-4,1,4,0.2,1,3.0,0.5479,1.0,True,False
scenario_00577,pipe-4,1,4,0.2,1,4.0,0.6564,1.0,True,True
scenario_00578,pipe-4,1,4,0.2,1,4.0,0.4907,1.0,True,True
scenario_00579,pipe-4,1,4,0.2,1,3.0,0.6936,1.0,True,False
scenario_00580,pipe-4,1,4,0.2,0,,0.5426,0.0002,False,False
scenario_00581,pipe-4,1,4,0.2,1,3.0,0.7211,1.0,True,False
scenario_00582,pipe-4,1,4,0.2,1,3.0,0.5657,1.0,True,False
scenario_00583,pipe-4,1,4,0.2,0,,0.4892,0.0766,False,False
scenario_00584,pipe-4,1,4,0.2,1,3.0,0.5187,1.0,True,False
scenario_00585,pipe-4,1,4,0.2,0,,0.4812,0.0014,False,False
scenario_00586,pipe-4,1,4,0.2,1,4.0,0.4936,0.9999,True,True
scenario_00587,pipe-4,1,4,0.2,0,,0.5797,0.0,False,False
scenario_00588,pipe-4,1,4,0.2,1,5.0,0.4301,1.0,True,False
scenario_00589,pipe-4,1,4,0.2,0,,0.5328,0.0,False,False
scenario_00590,pipe-4,1,4,0.2,1,4.0,0.5082,1.0,True,True
scenario_00591,pipe-4,1,4,0.2,0,,0.4799,0.0,False,False
scenario_00592,pipe-4,1,4,0.2,1,5.0,0.4471,1.0,True,False
scenario_00593,pipe-4,1,4,0.2,0,,0.5336,0.0,False,False
scenario_00594,pipe-4,1,4,0.2,0,,0.4967,0.0092,False,False
scenario_00595,pipe-4,1,4,0.2,0,,0.5251,0.0,False,False
scenario_00596,pipe-4,1,4,0.2,1,5.0,0.451,1.0,True,False
scenario_00597,pipe-4,1,4,0.4,1,3.0,0.6702,1.0,True,False
scenario_00598,pipe-4,1,4,0.4,1,4.0,0.568,1.0,True,True
scenario_00599,pipe-4,1,4,0.4,1,4.0,0.5233,1.0,True,True
scenario_00600,pipe-4,1,4,0.4,1,5.0,0.4969,1.0,True,False
scenario_00601,pipe-4,1,4,0.4,1,3.0,0.6587,1.0,True,False
scenario_00602,pipe-4,1,4,0.4,1,3.0,0.5264,1.0,True,False
scenario_00603,pipe-4,1,4,0.4,1,3.0,0.6645,1.0,True,False
scenario_00604,pipe-4,1,4,0.4,1,3.0,0.5164,1.0,True,False
scenario_00605,pipe-4,1,4,0.4,1,4.0,0.6731,1.0,True,True
scenario_00606,pipe-4,1,4,0.4,1,4.0,0.5043,0.9875,True,True
scenario_00607,pipe-4,1,4,0.4,1,3.0,0.6685,1.0,True,False
scenario_00608,pipe-4,1,4,0.4,0,,0.5837,0.0,False,False
scenario_00609,pipe-4,1,4,0.4,1,3.0,0.6512,1.0,True,False
scenario_00610,pipe-4,1,4,0.4,1,4.0,0.5552,1.0,True,True
scenario_00611,pipe-4,1,4,0.4,1,4.0,0.6794,1.0,True,True
scenario_00612,pipe-4,1,4,0.4,1,3.0,0.543,1.0,True,False
scenario_00613,pipe-4,1,4,0.4,1,4.0,0.5121,1.0,True,True
scenario_00614,pipe-4,1,4,0.4,1,4.0,0.4832,1.0,True,True
scenario_00615,pipe-4,1,4,0.4,1,3.0,0.6868,1.0,True,False
scenario_00616,pipe-4,1,4,0.4,1,3.0,0.5089,1.0,True,False
scenario_00617,pipe-4,1,4,0.4,1,3.0,0.7103,1.0,True,False
scenario_00618,pipe-4,1,4,0.4,1,3.0,0.555,1.0,True,False
scenario_00619,pipe-4,1,4,0.4,1,4.0,0.6576,1.0,True,True
scenario_00620,pipe-4,1,4,0.4,1,4.0,0.4914,1.0,True,True
scenario_00621,pipe-4,1,4,0.4,1,3.0,0.6936,1.0,True,False
scenario_00622,pipe-4,1,4,0.4,0,,0.5438,0.0002,False,False
scenario_00623,pipe-4,1,4,0.4,1,3.0,0.7196,1.0,True,False
scenario_00624,pipe-4,1,4,0.4,1,3.0,0.5684,1.0,True,False
scenario_00625,pipe-4,1,4,0.4,0,,0.4891,0.1052,False,False
scenario_00626,pipe-4,1,4,0.4,1,3.0,0.5189,1.0,True,False
scenario_00627,pipe-4,1,4,0.4,0,,0.4815,0.0014,False,False
scenario_00628,pipe-4,1,4,0.4,1,4.0,0.4934,0.9999,True,True
scenario_00629,pipe-4,1,4,0.4,0,,0.5726,0.0,False,False
scenario_00630,pipe-4,1,4,0.4,1,5.0,0.4309,1.0,True,False
scenario_00631,pipe-4,1,4,0.4,0,,0.54,0.0,False,False
scenario_00632,pipe-4,1,4,0.4,1,4.0,0.5089,1.0,True,True
scenario_00633,pipe-4,1,4,0.4,0,,0.4901,0.0,False,False
scenario_00634,pipe-4,1,4,0.4,1,5.0,0.4471,1.0,True,False
scenario_00635,pipe-4,1,4,0.4,0,,0.5404,0.0,False,False
scenario_00636,pipe-4,1,4,0.4,0,,0.497,0.0094,False,False
scenario_00637,pipe-4,1,4,0.4,0,,0.5336,0.0,False,False
scenario_00638,pipe-4,1,4,0.4,1,5.0,0.4514,1.0,True,False
scenario_00639,pipe-4,1,4,0.6,1,3.0,0.6695,1.0,True,False
scenario_00640,pipe-4,1,4,0.6,1,4.0,0.5674,1.0,True,True
scenario_00641,pipe-4,1,4,0.6,1,4.0,0.5244,1.0,True,True
scenario_00642,pipe-4,1,4,0.6,1,5.0,0.4965,1.0,True,False
scenario_00643,pipe-4,1,4,0.6,1,3.0,0.6552,1.0,True,False
scenario_00644,pipe-4,1,4,0.6,1,3.0,0.5266,1.0,True,False
scenario_00645,pipe-4,1,4,0.6,1,3.0,0.661,1.0,True,False
scenario_00646,pipe-4,1,4,0.6,1,3.0,0.5149,1.0,True,False
scenario_00647,pipe-4,1,4,0.6,1,4.0,0.6714,1.0,True,True
scenario_00648,pipe-4,1,4,0.6,1,4.0,0.5039,0.9858,True,True
scenario_00649,pipe-4,1,4,0.6,1,3.0,0.6651,1.0,True,False
scenario_00650,pipe-4,1,4,0.6,0,,0.5835,0.0,False,False
scenario_00651,pipe-4,1,4,0.6,1,3.0,0.6476,1.0,True,False
scenario_00652,pipe-4,1,4,0.6,1,4.0,0.5564,1.0,True,True
scenario_00653,pipe-4,1,4,0.6,1,4.0,0.6826,1.0,True,True
scenario_00654,pipe-4,1,4,0.6,1,3.0,0.543,1.0,True,False
scenario_00655,pipe-4,1,4,0.6,1,4.0,0.5119,1.0,True,True
scenario_00656,pipe-4,1,4,0.6,1,4.0,0.4831,1.0,True,True
scenario_00657,pipe-4,1,4,0.6,1,3.0,0.6843,1.0,True,False
scenario_00658,pipe-4,1,4,0.6,1,3.0,0.5141,1.0,True,False
scenario_00659,pipe-4,1,4,0.6,1,3.0,0.7106,1.0,True,False
scenario_00660,pipe-4,1,4,0.6,1,3.0,0.5618,1.0,True,False
scenario_00661,pipe-4,1,4,0.6,1,4.0,0.6565,1.0,True,True
scenario_00662,pipe-4,1,4,0.6,1,4.0,0.492,1.0,True,True
scenario_00663,pipe-4,1,4,0.6,1,3.0,0.6931,1.0,True,False
scenario_00664,pipe-4,1,4,0.6,0,,0.5447,0.0002,False,False
scenario_00665,pipe-4,1,4,0.6,1,3.0,0.7166,1.0,True,False
scenario_00666,pipe-4,1,4,0.6,1,3.0,0.5714,1.0,True,False
scenario_00667,pipe-4,1,4,0.6,0,,0.4888,0.1466,False,False
scenario_00668,pipe-4,1,4,0.6,1,3.0,0.5192,1.0,True,False
scenario_00669,pipe-4,1,4,0.6,0,,0.4818,0.0015,False,False
scenario_00670,pipe-4,1,4,0.6,1,4.0,0.4933,0.9999,True,True
scenario_00671,pipe-4,1,4,0.6,0,,0.5641,0.0,False,False
scenario_00672,pipe-4,1,4,0.6,1,5.0,0.4319,1.0,True,False
scenario_00673,pipe-4,1,4,0.6,0,,0.5478,0.0,False,False
scenario_00674,pipe-4,1,4,0.6,1,4.0,0.5096,1.0,True,True
scenario_00675,pipe-4,1,4,0.6,0,,0.5017,0.0,False,False
scenario_00676,pipe-4,1,4,0.6,1,5.0,0.4471,1.0,True,False
scenario_00677,pipe-4,1,4,0.6,0,,0.5484,0.0,False,False
scenario_00678,pipe-4,1,4,0.6,0,,0.4973,0.0095,False,False
scenario_00679,pipe-4,1,4,0.6,0,,0.5411,0.0,False,False
scenario_00680,pipe-4,1,4,0.6,1,5.0,0.4511,1.0,True,False
scenario_00681,pipe-4,1,4,0.8,1,3.0,0.6689,1.0,True,False
scenario_00682,pipe-4,1,4,0.8,1,4.0,0.5667,1.0,True,True
scenario_00683,pipe-4,1,4,0.8,1,4.0,0.5258,1.0,True,True
scenario_00684,pipe-4,1,4,0.8,1,5.0,0.4963,1.0,True,False
scenario_00685,pipe-4,1,4,0.8,1,3.0,0.6519,1.0,True,False
scenario_00686,pipe-4,1,4,0.8,1,3.0,0.5269,1.0,True,False
scenario_00687,pipe-4,1,4,0.8,1,3.0,0.6574,1.0,True,False
scenario_00688,pipe-4,1,4,0.8,1,3.0,0.5138,1.0,True,False
scenario_00689,pipe-4,1,4,0.8,1,4.0,0.6698,1.0,True,True
scenario_00690,pipe-4,1,4,0.8,1,4.0,0.5068,0.9837,True,True
scenario_00691,pipe-4,1,4,0.8,1,3.0,0.6618,1.0,True,False
scenario_00692,pipe-4,1,4,0.8,0,,0.5835,0.0,False,False
scenario_00693,pipe-4,1,4,0.8,1,3.0,0.644,1.0,True,False
scenario_00694,pipe-4,1,4,0.8,1,4.0,0.5574,1.0,True,True
scenario_00695,pipe-4,1,4,0.8,1,3.0,0.6842,1.0,True,False
scenario_00696,pipe-4,1,4,0.8,1,3.0,0.543,1.0,True,False
scenario_00697,pipe-4,1,4,0.8,1,4.0,0.5116,1.0,True,True
scenario_00698,pipe-4,1,4,0.8,1,4.0,0.4829,1.0,True,True
scenario_00699,pipe-4,1,4,0.8,1,3.0,0.6815,1.0,True,False
scenario_00700,pipe-4,1,4,0.8,1,3.0,0.5192,1.0,True,False
scenario_00701,pipe-4,1,4,0.8,1,3.0,0.7094,1.0,True,False
scenario_00702,pipe-4,1,4,0.8,1,3.0,0.5694,1.0,True,False
scenario_00703,pipe-4,1,4,0.8,1,4.0,0.6556,1.0,True,True
scenario_00704,pipe-4,1,4,0.8,1,4.0,0.4925,1.0,True,True
scenario_00705,pipe-4,1,4,0.8,1,3.0,0.6915,1.0,True,False
scenario_00706,pipe-4,1,4,0.8,0,,0.5459,0.0002,False,False
scenario_00707,pipe-4,1,4,0.8,1,3.0,0.7128,1.0,True,False
scenario_00708,pipe-4,1,4,0.8,1,3.0,0.5752,1.0,True,False
scenario_00709,pipe-4,1,4,0.8,0,,0.4884,0.1998,False,False
scenario_00710,pipe-4,1,4,0.8,1,3.0,0.5194,1.0,True,False
scenario_00711,pipe-4,1,4,0.8,0,,0.4821,0.0015,False,False
scenario_00712,pipe-4,1,4,0.8,1,4.0,0.4932,0.9999,True,True
scenario_00713,pipe-4,1,4,0.8,0,,0.5534,0.0,False,False
scenario_00714,pipe-4,1,4,0.8,1,5.0,0.4328,1.0,True,False
scenario_00715,pipe-4,1,4,0.8,0,,0.5506,0.0,False,False
scenario_00716,pipe-4,1,4,0.8,1,4.0,0.5106,1.0,True,True
scenario_00717,pipe-4,1,4,0.8,0,,0.5154,0.0,False,False
scenario_00718,pipe-4,1,4,0.8,1,5.0,0.4471,1.0,True,False
scenario_00719,pipe-4,1,4,0.8,0,,0.5506,0.0,False,False
scenario_00720,pipe-4,1,4,0.8,0,,0.4976,0.0096,False,False
scenario_00721,pipe-4,1,4,0.8,0,,0.547,0.0,False,False
scenario_00722,pipe-4,1,4,0.8,1,5.0,0.4508,1.0,True,False
scenario_00723,pipe-5,1,5,0.2,1,3.0,0.6736,1.0,True,False
scenario_00724,pipe-5,1,5,0.2,1,4.0,0.5675,1.0,True,False
scenario_00725,pipe-5,1,5,0.2,1,5.0,0.5211,1.0,True,True
scenario_00726,pipe-5,1,5,0.2,1,5.0,0.4979,1.0,True,True
scenario_00727,pipe-5,1,5,0.2,1,3.0,0.6822,1.0,True,False
scenario_00728,pipe-5,1,5,0.2,1,3.0,0.5242,1.0,True,False
scenario_00729,pipe-5,1,5,0.2,1,3.0,0.6908,1.0,True,False
scenario_00730,pipe-5,1,5,0.2,1,3.0,0.5239,1.0,True,False
scenario_00731,pipe-5,1,5,0.2,1,4.0,0.6832,1.0,True,False
scenario_00732,pipe-5,1,5,0.2,1,4.0,0.497,0.9947,True,False
scenario_00733,pipe-5,1,5,0.2,1,3.0,0.6911,1.0,True,False
scenario_00734,pipe-5,1,5,0.2,0,,0.5831,0.0,False,False
scenario_00735,pipe-5,1,5,0.2,1,3.0,0.6772,1.0,True,False
scenario_00736,pipe-5,1,5,0.2,1,4.0,0.5477,1.0,True,False
scenario_00737,pipe-5,1,5,0.2,1,4.0,0.6384,1.0,True,False
scenario_00738,pipe-5,1,5,0.2,1,3.0,0.5421,1.0,True,False
scenario_00739,pipe-5,1,5,0.2,1,4.0,0.5103,1.0,True,False
scenario_00740,pipe-5,1,5,0.2,1,4.0,0.4843,1.0,True,False
scenario_00741,pipe-5,1,5,0.2,1,4.0,0.6792,1.0,True,False
scenario_00742,pipe-5,1,5,0.2,1,3.0,0.4989,1.0,True,False
scenario_00743,pipe-5,1,5,0.2,1,4.0,0.681,1.0,True,False
scenario_00744,pipe-5,1,5,0.2,1,3.0,0.5111,1.0,True,False
scenario_00745,pipe-5,1,5,0.2,1,4.0,0.6371,1.0,True,False
scenario_00746,pipe-5,1,5,0.2,1,4.0,0.4863,1.0,True,False
scenario_00747,pipe-5,1,5,0.2,1,4.0,0.6713,1.0,True,False
scenario_00748,pipe-5,1,5,0.2,0,,0.536,0.0004,False,False
scenario_00749,pipe-5,1,5,0.2,1,3.0,0.7064,1.0,True,False
scenario_00750,pipe-5,1,5,0.2,1,3.0,0.5474,1.0,True,False
scenario_00751,pipe-5,1,5,0.2,0,,0.4874,0.0264,False,False
scenario_00752,pipe-5,1,5,0.2,1,3.0,0.5176,1.0,True,False
scenario_00753,pipe-5,1,5,0.2,0,,0.4801,0.0013,False,False
scenario_00754,pipe-5,1,5,0.2,1,4.0,0.4943,0.9999,True,False
scenario_00755,pipe-5,1,5,0.2,0,,0.5836,0.0,False,False
scenario_00756,pipe-5,1,5,0.2,1,5.0,0.4266,1.0,True,True
scenario_00757,pipe-5,1,5,0.2,0,,0.4682,0.0,False,False
scenario_00758,pipe-5,1,5,0.2,1,4.0,0.5061,1.0,True,False
scenario_00759,pipe-5,1,5,0.2,0,,0.4397,0.0,False,False
scenario_00760,pipe-5,1,5,0.2,1,5.0,0.4477,1.0,True,True
scenario_00761,pipe-5,1,5,0.2,0,,0.4695,0.0,False,False
scenario_00762,pipe-5,1,5,0.2,0,,0.4951,0.0083,False,False
scenario_00763,pipe-5,1,5,0.2,0,,0.4598,0.0,False,False
scenario_00764,pipe-5,1,5,0.2,1,5.0,0.4487,1.0,True,True
scenario_00765,pipe-5,1,5,0.4,1,3.0,0.6735,1.0,True,False
scenario_00766,pipe-5,1,5,0.4,1,4.0,0.5675,1.0,True,False
scenario_00767,pipe-5,1,5,0.4,1,4.0,0.522,1.0,True,False
scenario_00768,pipe-5,1,5,0.4,1,5.0,0.4979,1.0,True,True
scenario_00769,pipe-5,1,5,0.4,1,3.0,0.6792,1.0,True,False
scenario_00770,pipe-5,1,5,0.4,1,3.0,0.5253,1.0,True,False
scenario_00771,pipe-5,1,5,0.4,1,3.0,0.6873,1.0,True,False
scenario_00772,pipe-5,1,5,0.4,1,3.0,0.523,1.0,True,False
scenario_00773,pipe-5,1,5,0.4,1,4.0,0.6819,1.0,True,False
scenario_00774,pipe-5,1,5,0.4,1,4.0,0.4974,0.9941,True,False
scenario_00775,pipe-5,1,5,0.4,1,3.0,0.6884,1.0,True,False
scenario_00776,pipe-5,1,5,0.4,0,,0.5831,0.0,False,False
scenario_00777,pipe-5,1,5,0.4,1,3.0,0.6737,1.0,True,False
scenario_00778,pipe-5,1,5,0.4,1,4.0,0.5487,1.0,True,False
scenario_00779,pipe-5,1,5,0.4,1,4.0,0.6449,1.0,True,False
scenario_00780,pipe-5,1,5,0.4,1,3.0,0.5423,1.0,True,False
scenario_00781,pipe-5,1,5,0.4,1,4.0,0.511,1.0,True,False
scenario_00782,pipe-5,1,5,0.4,1,4.0,0.4842,1.0,True,False
scenario_00783,pipe-5,1,5,0.4,1,4.0,0.683,1.0,True,False
scenario_00784,pipe-5,1,5,0.4,1,3.0,0.5012,1.0,True,False
scenario_00785,pipe-5,1,5,0.4,1,3.0,0.686,1.0,True,False
scenario_00786,pipe-5,1,5,0.4,1,3.0,0.5164,1.0,True,False
scenario_00787,pipe-5,1,5,0.4,1,4.0,0.6407,1.0,True,False
scenario_00788,pipe-5,1,5,0.4,1,4.0,0.487,1.0,True,False
scenario_00789,pipe-5,1,5,0.4,1,4.0,0.6771,1.0,True,False
scenario_00790,pipe-5,1,5,0.4,0,,0.5371,0.0003,False,False
scenario_00791,pipe-5,1,5,0.4,1,3.0,0.7114,1.0,True,False
scenario_00792,pipe-5,1,5,0.4,1,3.0,0.5527,1.0,True,False
scenario_00793,pipe-5,1,5,0.4,0,,0.4878,0.0295,False,False
scenario_00794,pipe-5,1,5,0.4,1,3.0,0.5177,1.0,True,False
scenario_00795,pipe-5,1,5,0.4,0,,0.4803,0.0013,False,False
scenario_00796,pipe-5,1,5,0.4,1,4.0,0.4942,0.9999,True,False
scenario_00797,pipe-5,1,5,0.4,0,,0.5853,0.0,False,False
scenario_00798,pipe-5,1,5,0.4,1,5.0,0.4286,1.0,True,True
scenario_00799,pipe-5,1,5,0.4,0,,0.4753,0.0,False,False
scenario_00800,pipe-5,1,5,0.4,1,4.0,0.5064,1.0,True,False
scenario_00801,pipe-5,1,5,0.4,0,,0.4443,0.0,False,False
scenario_00802,pipe-5,1,5,0.4,1,5.0,0.4475,1.0,True,True
scenario_00803,pipe-5,1,5,0.4,0,,0.4767,0.0,False,False
scenario_00804,pipe-5,1,5,0.4,0,,0.4954,0.0084,False,False
scenario_00805,pipe-5,1,5,0.4,0,,0.4671,0.0,False,False
scenario_00806,pipe-5,1,5,0.4,1,5.0,0.4492,1.0,True,True
scenario_00807,pipe-5,1,5,0.6,1,3.0,0.673,1.0,True,False
scenario_00808,pipe-5,1,5,0.6,1,4.0,0.5688,1.0,True,False
scenario_00809,pipe-5,1,5,0.6,1,4.0,0.5221,1.0,True,False
scenario_00810,pipe-5,1,5,0.6,1,5.0,0.4978,1.0,True,True
scenario_00811,pipe-5,1,5,0.6,1,3.0,0.6759,1.0,True,False
scenario_00812,pipe-5,1,5,0.6,1,3.0,0.5264,1.0,True,False
scenario_00813,pipe-5,1,5,0.6,1,3.0,0.6839,1.0,True,False
scenario_00814,pipe-5,1,5,0.6,1,3.0,0.522,1.0,True,False
scenario_00815,pipe-5,1,5,0.6,1,4.0,0.6807,1.0,True,False
scenario_00816,pipe-5,1,5,0.6,1,4.0,0.4983,0.9933,True,False
scenario_00817,pipe-5,1,5,0.6,1,3.0,0.6855,1.0,True,False
scenario_00818,pipe-5,1,5,0.6,0,,0.5831,0.0,False,False
scenario_00819,pipe-5,1,5,0.6,1,3.0,0.6702,1.0,True,False
scenario_00820,pipe-5,1,5,0.6,1,4.0,0.55,1.0,True,False
scenario_00821,pipe-5,1,5,0.6,1,4.0,0.6519,1.0,True,False
scenario_00822,pipe-5,1,5,0.6,1,3.0,0.5425,1.0,True,False
scenario_00823,pipe-5,1,5,0.6,1,4.0,0.5114,1.0,True,False
scenario_00824,pipe-5,1,5,0.6,1,4.0,0.484,1.0,True,False
scenario_00825,pipe-5,1,5,0.6,1,4.0,0.6857,1.0,True,False
scenario_00826,pipe-5,1,5,0.6,1,3.0,0.5092,1.0,True,False
scenario_00827,pipe-5,1,5,0.6,1,3.0,0.6917,1.0,True,False
scenario_00828,pipe-5,1,5,0.6,1,3.0,0.5222,1.0,True,False
scenario_00829,pipe-5,1,5,0.6,1,4.0,0.6445,1.0,True,False
scenario_00830,pipe-5,1,5,0.6,1,4.0,0.4877,1.0,True,False
scenario_00831,pipe-5,1,5,0.6,1,4.0,0.6813,1.0,True,False
scenario_00832,pipe-5,1,5,0.6,0,,0.538,0.0003,False,False
scenario_00833,pipe-5,1,5,0.6,1,3.0,0.7151,1.0,True,False
scenario_00834,pipe-5,1,5,0.6,1,3.0,0.5586,1.0,True,False
scenario_00835,pipe-5,1,5,0.6,0,,0.4882,0.0338,False,False
scenario_00836,pipe-5,1,5,0.6,1,3.0,0.5179,1.0,True,False
scenario_00837,pipe-5,1,5,0.6,0,,0.4804,0.0013,False,False
scenario_00838,pipe-5,1,5,0.6,1,4.0,0.4941,0.9999,True,False
scenario_00839,pipe-5,1,5,0.6,0,,0.5868,0.0,False,False
scenario_00840,pipe-5,1,5,0.6,1,5.0,0.431,1.0,True,True
scenario_00841,pipe-5,1,5,0.6,0,,0.4833,0.0,False,False
scenario_00842,pipe-5,1,5,0.6,1,4.0,0.5067,1.0,True,False
scenario_00843,pipe-5,1,5,0.6,0,,0.4494,0.0,False,False
scenario_00844,pipe-5,1,5,0.6,1,5.0,0.4474,1.0,True,True
scenario_00845,pipe-5,1,5,0.6,0,,0.4847,0.0,False,False
scenario_00846,pipe-5,1,5,0.6,0,,0.4956,0.0085,False,False
scenario_00847,pipe-5,1,5,0.6,0,,0.4756,0.0,False,False
scenario_00848,pipe-5,1,5,0.6,1,5.0,0.4498,1.0,True,True
scenario_00849,pipe-5,1,5,0.8,1,3.0,0.6725,1.0,True,False
scenario_00850,pipe-5,1,5,0.8,1,4.0,0.5686,1.0,True,False
scenario_00851,pipe-5,1,5,0.8,1,4.0,0.5225,1.0,True,False
scenario_00852,pipe-5,1,5,0.8,1,5.0,0.4977,1.0,True,True
scenario_00853,pipe-5,1,5,0.8,1,3.0,0.6727,1.0,True,False
scenario_00854,pipe-5,1,5,0.8,1,3.0,0.5272,1.0,True,False
scenario_00855,pipe-5,1,5,0.8,1,3.0,0.6804,1.0,True,False
scenario_00856,pipe-5,1,5,0.8,1,3.0,0.5211,1.0,True,False
scenario_00857,pipe-5,1,5,0.8,1,4.0,0.6794,1.0,True,False
scenario_00858,pipe-5,1,5,0.8,1,4.0,0.4989,0.9927,True,False
scenario_00859,pipe-5,1,5,0.8,1,3.0,0.6824,1.0,True,False
scenario_00860,pipe-5,1,5,0.8,0,,0.5832,0.0,False,False
scenario_00861,pipe-5,1,5,0.8,1,3.0,0.6667,1.0,True,False
scenario_00862,pipe-5,1,5,0.8,1,4.0,0.5526,1.0,True,False
scenario_00863,pipe-5,1,5,0.8,1,4.0,0.6585,1.0,True,False
scenario_00864,pipe-5,1,5,0.8,1,3.0,0.5427,1.0,True,False
scenario_00865,pipe-5,1,5,0.8,1,4.0,0.512,1.0,True,False
scenario_00866,pipe-5,1,5,0.8,1,4.0,0.4839,1.0,True,False
scenario_00867,pipe-5,1,5,0.8,1,4.0,0.6878,1.0,True,False
scenario_00868,pipe-5,1,5,0.8,1,3.0,0.5241,1.0,True,False
scenario_00869,pipe-5,1,5,0.8,1,3.0,0.6964,1.0,True,False
scenario_00870,pipe-5,1,5,0.8,1,3.0,0.5279,1.0,True,False
scenario_00871,pipe-5,1,5,0.8,1,4.0,0.649,1.0,True,False
scenario_00872,pipe-5,1,5,0.8,1,4.0,0.4883,1.0,True,False
scenario_00873,pipe-5,1,5,0.8,1,3.0,0.6856,1.0,True,False
scenario_00874,pipe-5,1,5,0.8,0,,0.5389,0.0003,False,False
scenario_00875,pipe-5,1,5,0.8,1,3.0,0.7179,1.0,True,False
scenario_00876,pipe-5,1,5,0.8,1,3.0,0.5626,1.0,True,False
scenario_00877,pipe-5,1,5,0.8,0,,0.4885,0.0394,False,False
scenario_00878,pipe-5,1,5,0.8,1,3.0,0.5181,1.0,True,False
scenario_00879,pipe-5,1,5,0.8,0,,0.4807,0.0014,False,False
scenario_00880,pipe-5,1,5,0.8,1,4.0,0.494,0.9999,True,False
scenario_00881,pipe-5,1,5,0.8,0,,0.5881,0.0,False,False
scenario_00882,pipe-5,1,5,0.8,1,5.0,0.4337,1.0,True,True
scenario_00883,pipe-5,1,5,0.8,0,,0.4925,0.0,False,False
scenario_00884,pipe-5,1,5,0.8,1,4.0,0.507,1.0,True,False
scenario_00885,pipe-5,1,5,0.8,0,,0.455,0.0,False,False
scenario_00886,pipe-5,1,5,0.8,1,5.0,0.4473,1.0,True,True
scenario_00887,pipe-5,1,5,0.8,0,,0.4939,0.0,False,False
scenario_00888,pipe-5,1,5,0.8,0,,0.4959,0.0087,False,False
scenario_00889,pipe-5,1,5,0.8,0,,0.4854,0.0,False,False
scenario_00890,pipe-5,1,5,0.8,1,5.0,0.4505,1.0,True,True
